time,LT,ST,MPP,CMP,CLP,GMP,MEP,proB
0,0.0098,0,0,0,0,0,0,0
1,0.01,0,0,0,0,0,0,0
2,0.01,0,0,0,0,0,0,0
3,0.01,0,0,0,0,0,0,0
4,0.01,0,0,0,0,0,0,0
5,0.01,6.89655e-05,0,0,0,0,0,0
6,0.0098,0.000137931,0,5.64103e-05,0,2.13675e-05,6.57462e-05,1.4245e-07
7,0.0098,6.89655e-05,0,1.02564e-05,0,0,1.31492e-05,1.4245e-07
8,0.0098,0.000137931,0,0,0,0,0,1.4245e-07
9,0.0094,0.000275862,0,0,0,0,0,1.4245e-07
10,0.0098,0.000275862,0,0,0,0,0,1.4245e-07
11,0.01,0.000275862,0,0,0,0,0,1.4245e-07
12,0.01,0.000275862,0,0,0,0,0,1.4245e-07
13,0.01,0.000275862,0,0,0,0,0,1.4245e-07
14,0.0102,0.000275862,0,0,0,0,0,1.4245e-07
15,0.0104,0.000275862,0,0,0,0,0,1.4245e-07
16,0.0108,0.000275862,0,0,0,0,0,1.4245e-07
17,0.0106,0.000344828,0,0,0,0,0,1.4245e-07
18,0.0104,0.000482759,0,0,0,0,0,1.4245e-07
19,0.01,0.000689655,0,0,0,0,0,1.4245e-07
20,0.0104,0.00062069,2.22222e-05,0,0,0,0,1.4245e-07
21,0.0104,0.000551724,0.000177778,8.71795e-05,0,6.41026e-05,9.20447e-05,1.4245e-07
22,0.0106,0.000551724,0.000111111,0.000102564,0,2.13675e-05,0.000118343,1.4245e-07
23,0.0106,0.000551724,0,5.12821e-06,0,2.13675e-05,0,1.4245e-07
24,0.0102,0.000551724,0,1.53846e-05,0,0,0,1.4245e-07
25,0.0102,0.000482759,0,0,0,0,0,1.4245e-07
26,0.01,0.000551724,0,0,0,0,0,1.4245e-07
27,0.01,0.000758621,0,0,0,0,0,1.4245e-07
28,0.0102,0.000758621,0,0,0,0,0,1.4245e-07
29,0.0102,0.000758621,0,0,0,0,0,1.4245e-07
30,0.0102,0.000827586,0,0,0,0,0,1.4245e-07
31,0.0102,0.000896552,0,0,0,0,0,1.4245e-07
32,0.0098,0.000896552,4.44444e-05,0,0,0,0,1.4245e-07
33,0.0098,0.00110345,2.22222e-05,8.71795e-05,0,0.000106838,0.000118343,1.4245e-07
34,0.0094,0.00124138,0,5.12821e-05,0,2.13675e-05,0,1.4245e-07
35,0.0094,0.00110345,0,0,0,0,0,1.4245e-07
36,0.0094,0.00103448,0.000111111,2.05128e-05,0,0,0,1.4245e-07
37,0.0094,0.00110345,4.44444e-05,9.23077e-05,0,4.2735e-05,5.2597e-05,4.2735e-07
38,0.0094,0.00110345,0.000333333,5.64103e-05,0,2.13675e-05,7.88955e-05,4.2735e-07
39,0.0094,0.00110345,0.000333333,0.000235897,0,0.000128205,0.000315582,4.2735e-07
40,0.01,0.00110345,0.000422222,0.000241026,7.69231e-05,0.00017094,0.000144642,1.4245e-06
41,0.01,0.00103448,0.000577778,0.000241026,0,0.000213675,0.000289283,2.2792e-06
42,0.01,0.000965517,0.000377778,0.0004,0,0.000470085,0.000433925,2.2792e-06
43,0.01,0.000827586,0.000422222,0.000610256,0,0.000641026,0.000447074,2.13675e-06
44,0.0102,0.000827586,0.000266667,0.000394872,0,0.00034188,0.000381328,2.13675e-06
45,0.0102,0.000827586,0.000266667,0.000323077,0,0.000299145,0.00035503,2.13675e-06
46,0.0102,0.000758621,0,0.000205128,4.61538e-05,0.00034188,0.000236686,2.5641e-06
47,0.0102,0.000827586,0,4.61538e-05,0,8.54701e-05,0.000105194,2.99145e-06
48,0.0102,0.000896552,0,4.10256e-05,0,0,1.31492e-05,2.99145e-06
49,0.0098,0.00110345,0,6.15385e-05,0,4.2735e-05,5.2597e-05,2.99145e-06
50,0.0096,0.00117241,0,5.12821e-06,0,4.2735e-05,1.31492e-05,2.99145e-06
51,0.0094,0.00117241,0,0,0,0,0,2.849e-06
52,0.009,0.00117241,0,4.10256e-05,0,0,5.2597e-05,2.849e-06
53,0.009,0.00117241,0,1.02564e-05,0,0,0,2.849e-06
54,0.0094,0.00124138,0,0,0,0,0,2.70655e-06
55,0.0092,0.00131034,0,0,0,0,0,2.70655e-06
56,0.0094,0.00137931,0,0,0,0,0,2.70655e-06
57,0.0094,0.00144828,0,0,0,0,0,2.70655e-06
58,0.0096,0.00158621,0,5.12821e-06,0,0,1.31492e-05,2.5641e-06
59,0.0096,0.00137931,0,0,0,0,0,2.5641e-06
60,0.01,0.00137931,0,0,0,0,0,2.5641e-06
61,0.0098,0.00137931,0,4.10256e-05,0,2.13675e-05,5.2597e-05,2.2792e-06
62,0.0098,0.00144828,0,1.02564e-05,0,2.13675e-05,3.94477e-05,2.2792e-06
63,0.01,0.00137931,0,0,0,0,0,2.13675e-06
64,0.0098,0.00144828,0,0,0,0,0,2.13675e-06
65,0.01,0.00144828,0,1.53846e-05,0,0,0,2.13675e-06
66,0.01,0.00144828,0,0,0,0,0,2.13675e-06
67,0.01,0.00137931,0,0,0,0,0,2.13675e-06
68,0.01,0.00131034,0,0,0,0,0,2.13675e-06
69,0.0098,0.00137931,2.22222e-05,0,0,0,0,2.13675e-06
70,0.0102,0.00137931,0,0,0,0,0,2.13675e-06
71,0.0102,0.00137931,0,1.53846e-05,0,2.13675e-05,0,2.13675e-06
72,0.0104,0.00137931,0,0,0,0,0,2.13675e-06
73,0.0108,0.00124138,0,0,0,0,0,2.13675e-06
74,0.0106,0.00137931,0,0,0,0,0,2.13675e-06
75,0.0106,0.00131034,0,1.53846e-05,0,0,2.62985e-05,2.13675e-06
76,0.0108,0.00131034,0,5.64103e-05,0,0.000106838,5.2597e-05,2.13675e-06
77,0.0108,0.00131034,0.000133333,1.02564e-05,0,0,0,2.13675e-06
78,0.0108,0.00131034,0.000111111,2.5641e-05,0,0,0,1.9943e-06
79,0.0108,0.00137931,0.000133333,0.000225641,0,0.000106838,0.000184089,1.85185e-06
80,0.0108,0.00137931,0,0.000153846,0,0.000149573,0.000197239,1.9943e-06
81,0.0106,0.00131034,0,0,0,0,0,1.85185e-06
82,0.0104,0.00137931,0,0,0,0,0,1.85185e-06
83,0.0106,0.00137931,0,0,0,0,0,1.85185e-06
84,0.0106,0.00131034,0,0,0,0,0,1.85185e-06
85,0.0108,0.00137931,0,0,0,0,0,1.85185e-06
86,0.0108,0.00144828,0,0,0,0,0,1.85185e-06
87,0.0106,0.00151724,0,0,0,0,0,1.85185e-06
88,0.0106,0.00158621,0,0,0,0,0,1.85185e-06
89,0.0104,0.00165517,0,0,0,0,0,1.85185e-06
90,0.0102,0.00165517,0,6.15385e-05,0,6.41026e-05,1.31492e-05,1.85185e-06
91,0.0102,0.00158621,0,0,0,0,0,1.85185e-06
92,0.0102,0.00158621,0,0,0,0,0,1.85185e-06
93,0.0106,0.00158621,0,0.000194872,0,0.000213675,0.000105194,1.85185e-06
94,0.0106,0.00131034,0.000288889,0.000235897,0,0.000235043,0.000289283,1.9943e-06
95,0.0104,0.00131034,0.000222222,0.000348718,0,0.000448718,0.000328731,1.9943e-06
96,0.0108,0.00131034,0.000911111,0.000317949,0,0.000235043,0.00034188,2.2792e-06
97,0.0108,0.00137931,0.000977778,0.00115897,0,0.00119658,0.00106509,2.42165e-06
98,0.0108,0.00144828,0.00113333,0.00140513,0,0.00149573,0.00136752,2.42165e-06
99,0.011,0.00137931,0.000888889,0.000969231,6.15385e-05,0.000961538,0.000815253,3.27635e-06
100,0.0108,0.00137931,0.000533333,0.00103077,0.000184615,0.000876068,0.00102564,4.8433e-06
101,0.0108,0.00144828,0.000155556,0.000805128,0.000138462,0.00104701,0.000736358,7.97721e-06
102,0.011,0.00151724,6.66667e-05,0.000430769,0.000123077,0.000277778,0.000499671,1.11111e-05
103,0.0112,0.00144828,4.44444e-05,0.000235897,4.61538e-05,0.00017094,0.000197239,1.26781e-05
104,0.0112,0.00144828,0.000111111,0.000174359,0.000153846,0.000128205,0.000144642,1.32479e-05
105,0.011,0.00151724,6.66667e-05,6.66667e-05,0.000153846,8.54701e-05,0.000105194,1.50997e-05
106,0.011,0.00144828,0.000244444,0.000158974,9.23077e-05,0.000192308,0.000144642,1.75214e-05
107,0.0112,0.00144828,0.0004,0.000184615,0,0.000213675,0.000157791,1.80912e-05
108,0.0112,0.00131034,0.000755556,0.000569231,0,0.000555556,0.00035503,1.79487e-05
109,0.011,0.00131034,0.000844444,0.000923077,0.000215385,0.000769231,0.000986193,2.05128e-05
110,0.0112,0.00151724,0.0008,0.000958974,0.000138462,0.000876068,0.000854701,2.50712e-05
111,0.011,0.00165517,0.000711111,0.000979487,7.69231e-05,0.000641026,0.000854701,2.5641e-05
112,0.0114,0.00165517,0.000888889,0.000533333,3.07692e-05,0.000470085,0.000460224,2.66382e-05
113,0.0114,0.00186207,0.000955556,0.000897436,7.69231e-05,0.000833333,0.000946746,2.73504e-05
114,0.0118,0.0017931,0.0012,0.000907692,0,0.000619658,0.000880999,2.76353e-05
115,0.0116,0.00186207,0.000822222,0.000902564,4.61538e-05,0.00100427,0.00117028,2.77778e-05
116,0.0118,0.00186207,0.000377778,0.000876923,0.000261538,0.000897436,0.000894149,3.04843e-05
117,0.0114,0.00206897,0,0.000482051,9.23077e-05,0.000470085,0.000433925,3.27635e-05
118,0.0114,0.002,0,0.000153846,0,0.000128205,0.000197239,3.31909e-05
119,0.0116,0.002,0,5.12821e-05,0,0,6.57462e-05,3.24786e-05
120,0.0116,0.00193103,0.000133333,0,0,0,0,3.1339e-05
121,0.0116,0.00172414,0.000133333,0.000123077,0,0.000106838,9.20447e-05,3.04843e-05
122,0.0118,0.00172414,0,0.000138462,0,0.000128205,0.000105194,3.01994e-05
123,0.012,0.00158621,4.44444e-05,1.02564e-05,0,0.000128205,6.57462e-05,2.94872e-05
124,0.012,0.0017931,0,7.69231e-05,0,2.13675e-05,6.57462e-05,2.89174e-05
125,0.0118,0.0017931,0.000155556,2.05128e-05,0,2.13675e-05,0,2.82051e-05
126,0.0114,0.00172414,0,0.000384615,0,0.00034188,0.00034188,2.76353e-05
127,0.0114,0.00172414,0,0.000184615,0,0.000149573,0.000157791,2.7208e-05
128,0.0114,0.0017931,0,0.000133333,0,6.41026e-05,0.000118343,2.67806e-05
129,0.0118,0.0017931,0,0.000184615,0,0.000277778,0.000184089,2.60684e-05
130,0.012,0.0017931,6.66667e-05,7.69231e-05,0,4.2735e-05,5.2597e-05,2.59259e-05
131,0.012,0.00165517,0.000133333,9.74359e-05,0,0.000128205,2.62985e-05,2.54986e-05
132,0.012,0.00151724,0.000266667,0.000369231,0,0.000491453,0.000368179,2.46439e-05
133,0.012,0.00151724,0.000111111,6.66667e-05,0,8.54701e-05,0.000105194,2.45014e-05
134,0.012,0.00151724,0,8.20513e-05,0,6.41026e-05,0.000118343,2.45014e-05
135,0.0122,0.00158621,0,5.12821e-06,0,2.13675e-05,0,2.40741e-05
136,0.0122,0.00151724,2.22222e-05,0.000107692,0,4.2735e-05,5.2597e-05,2.37892e-05
137,0.0122,0.00131034,4.44444e-05,8.20513e-05,0,2.13675e-05,7.88955e-05,2.30769e-05
138,0.0124,0.00117241,0.000155556,3.58974e-05,0,8.54701e-05,7.88955e-05,2.26496e-05
139,0.0122,0.00131034,0.000266667,0.000174359,0,6.41026e-05,0.000184089,2.2792e-05
140,0.012,0.00158621,0.000133333,0.00025641,0,0.000299145,0.000157791,2.20798e-05
141,0.012,0.00158621,0,0.000210256,0,0.00017094,0.000131492,2.16524e-05
142,0.0126,0.00158621,0,9.74359e-05,0,0.000106838,0.000131492,2.07977e-05
143,0.0126,0.00137931,0.000177778,7.69231e-05,0,8.54701e-05,0.000131492,2.05128e-05
144,0.0128,0.00131034,0.000355556,8.20513e-05,3.07692e-05,2.13675e-05,6.57462e-05,2.05128e-05
145,0.013,0.00137931,8.88889e-05,8.71795e-05,1.53846e-05,0.00017094,0.00017094,2.10826e-05
146,0.0132,0.00151724,0.000111111,4.10256e-05,0.000138462,6.41026e-05,0.000105194,2.10826e-05
147,0.0134,0.00165517,0.000111111,2.05128e-05,0.000169231,0,2.62985e-05,2.4359e-05
148,0.0134,0.00165517,6.66667e-05,0.000174359,1.53846e-05,8.54701e-05,0.000157791,2.54986e-05
149,0.013,0.00186207,0,7.17949e-05,0,8.54701e-05,3.94477e-05,2.5641e-05
150,0.0134,0.00213793,0,1.02564e-05,0,0,1.31492e-05,2.52137e-05
151,0.0132,0.0022069,2.22222e-05,5.12821e-06,0,2.13675e-05,3.94477e-05,2.45014e-05
152,0.0132,0.00227586,0,3.07692e-05,0,0,5.2597e-05,2.40741e-05
153,0.0132,0.00248276,0,0,0,0,0,2.37892e-05
154,0.0132,0.00227586,0,0,0,0,0,2.32194e-05
155,0.0132,0.00234483,2.22222e-05,0,0,0,0,2.23647e-05
156,0.013,0.00248276,0,0,0,0,1.31492e-05,2.19373e-05
157,0.013,0.00255172,0,0,0,0,0,2.16524e-05
158,0.013,0.00268966,0,0,0,0,0,2.151e-05
159,0.0128,0.00275862,0,0,0,0,0,2.12251e-05
160,0.0128,0.00275862,0,0,0,0,0,2.06553e-05
161,0.013,0.00282759,0,0,0,0,0,2.03704e-05
162,0.0128,0.00289655,0,0,0,0,0,2.02279e-05
163,0.0124,0.00296552,0,0,0,0,0,1.98006e-05
164,0.0126,0.00303448,0,0,0,0,0,1.96581e-05
165,0.0124,0.00296552,8.88889e-05,0.000220513,0,0.000192308,0.00017094,1.96581e-05
166,0.0122,0.00282759,0.000133333,0.000189744,0,0.00017094,0.000197239,1.96581e-05
167,0.012,0.00275862,2.22222e-05,0.000333333,0,0.00025641,0.000184089,1.95157e-05
168,0.012,0.00289655,0,9.23077e-05,0,6.41026e-05,9.20447e-05,1.90883e-05
169,0.012,0.00303448,0,1.02564e-05,0,0,2.62985e-05,1.8661e-05
170,0.0118,0.00310345,2.22222e-05,0,0,0,0,1.85185e-05
171,0.0116,0.00324138,2.22222e-05,0.000220513,0,0.00017094,0.000144642,1.80912e-05
172,0.0116,0.00310345,0.000377778,0.000420513,0,0.00034188,0.00035503,1.79487e-05
173,0.0116,0.00324138,0.000177778,0.000235897,0,0.000213675,0.000249836,1.78063e-05
174,0.0118,0.00358621,0,0.000112821,0,8.54701e-05,0.000118343,1.76638e-05
175,0.0118,0.00344828,0,0.000117949,0,0.00017094,0.000105194,1.69516e-05
176,0.0118,0.00365517,0,0.000117949,0,0.000106838,9.20447e-05,1.62393e-05
177,0.0116,0.00351724,4.44444e-05,0,0,6.41026e-05,1.31492e-05,1.60969e-05
178,0.0118,0.00344828,4.44444e-05,4.61538e-05,0.000184615,8.54701e-05,2.62985e-05,1.62393e-05
179,0.0118,0.00337931,2.22222e-05,1.53846e-05,0.000107692,0,2.62985e-05,1.82336e-05
180,0.0118,0.00331034,0.0002,1.02564e-05,0.000123077,0,1.31492e-05,1.9943e-05
181,0.012,0.00331034,0.000533333,0.000169231,1.53846e-05,0.00025641,0.000144642,2.06553e-05
182,0.012,0.00365517,0.000511111,0.000379487,0,0.000320513,0.000368179,2.05128e-05
183,0.012,0.00337931,0.0012,0.000641026,0,0.000854701,0.000749507,2.03704e-05
184,0.012,0.00358621,0.00148889,0.000969231,0,0.00102564,0.000986193,1.98006e-05
185,0.0122,0.00358621,0.000733333,0.00101538,0,0.00121795,0.00101249,1.96581e-05
186,0.0118,0.00365517,0.000466667,0.00065641,4.61538e-05,0.000833333,0.000723208,2.03704e-05
187,0.0114,0.004,0.0006,0.000682051,0,0.000448718,0.000420776,2.02279e-05
188,0.0116,0.00386207,0.0002,0.000492308,0,0.000555556,0.000499671,2.00855e-05
189,0.012,0.00372414,0.000111111,0.000297436,0,0.000277778,0.000381328,1.98006e-05
190,0.012,0.00365517,0.000133333,0.000271795,0,0.00017094,0.000302433,1.92308e-05
191,0.0118,0.00358621,0.000111111,0.000123077,0,0.000128205,0.000131492,1.85185e-05
192,0.0118,0.00351724,0.000333333,5.64103e-05,9.23077e-05,4.2735e-05,2.62985e-05,1.82336e-05
193,0.0118,0.00344828,0.0002,0.000107692,0,0.000128205,0.000118343,1.92308e-05
194,0.012,0.00331034,0.000311111,0.000169231,0,0.000106838,9.20447e-05,1.89459e-05
195,0.0116,0.00344828,2.22222e-05,0.000102564,0,0.000149573,0.00017094,1.83761e-05
196,0.0116,0.00324138,6.66667e-05,9.74359e-05,0,8.54701e-05,9.20447e-05,1.79487e-05
197,0.0112,0.00344828,0,4.61538e-05,0,2.13675e-05,2.62985e-05,1.79487e-05
198,0.0114,0.00337931,4.44444e-05,3.07692e-05,0,6.41026e-05,6.57462e-05,1.75214e-05
199,0.0114,0.00324138,0.000422222,4.10256e-05,0,0.000128205,0.000144642,1.73789e-05
200,0.0114,0.00310345,0.000622222,0.000389744,0,0.00025641,0.000394477,1.73789e-05
201,0.0108,0.00344828,0.00126667,0.000435897,0,0.000683761,0.000657462,1.69516e-05
202,0.011,0.00365517,0.000866667,0.00085641,0,0.00104701,0.000986193,1.65242e-05
203,0.0114,0.00372414,0.000466667,0.000728205,0,0.000747863,0.000841552,1.65242e-05
204,0.0114,0.00372414,0.000466667,0.000923077,3.07692e-05,0.00117521,0.000841552,1.66667e-05
205,0.0112,0.00386207,0.0006,0.000748718,3.07692e-05,0.000982906,0.000578567,1.7094e-05
206,0.011,0.00393103,0.000155556,0.000610256,1.53846e-05,0.000705128,0.000920447,1.75214e-05
207,0.011,0.00386207,2.22222e-05,0.000430769,0,0.00042735,0.000394477,1.72365e-05
208,0.0108,0.00406897,8.88889e-05,0.000123077,0,0.00017094,0.000184089,1.69516e-05
209,0.011,0.00406897,0.0002,0.000235897,0,0.000213675,0.000157791,1.66667e-05
210,0.0114,0.0042069,2.22222e-05,7.17949e-05,0,4.2735e-05,0.000131492,1.63818e-05
211,0.0114,0.00427586,8.88889e-05,0.000112821,0,8.54701e-05,7.88955e-05,1.59544e-05
212,0.0112,0.00413793,4.44444e-05,7.17949e-05,0,8.54701e-05,9.20447e-05,1.56695e-05
213,0.0114,0.00406897,0,2.05128e-05,0,6.41026e-05,2.62985e-05,1.52422e-05
214,0.0112,0.00386207,0.000311111,3.58974e-05,0,4.2735e-05,6.57462e-05,1.49573e-05
215,0.0112,0.004,0.000511111,0.000333333,0,0.000363248,0.000223537,1.48148e-05
216,0.0114,0.00406897,0.000111111,0.0002,0,0.000277778,0.000157791,1.48148e-05
217,0.0114,0.00406897,4.44444e-05,0.000169231,0,0.000128205,0.00017094,1.46724e-05
218,0.0112,0.00413793,6.66667e-05,0.000215385,0,0.000192308,0.000118343,1.43875e-05
219,0.011,0.00434483,0.000266667,0.000107692,0,0.00017094,0.000118343,1.41026e-05
220,0.0112,0.00406897,0.000111111,0.000123077,0,0.00017094,0.000131492,1.39601e-05
221,0.0112,0.00393103,0.000444444,0.000384615,0,0.000320513,0.000289283,1.41026e-05
222,0.0118,0.0037931,0.000377778,0.000374359,0,0.000299145,0.000460224,1.41026e-05
223,0.0122,0.00372414,0.000311111,0.000389744,0,0.00025641,0.000368179,1.38177e-05
224,0.0122,0.00358621,0.000288889,0.000420513,0,0.000384615,0.000447074,1.31054e-05
225,0.0122,0.0037931,0.000177778,0.00014359,0,0.000128205,0.000144642,1.28205e-05
226,0.0122,0.00406897,0.000222222,9.23077e-05,0,8.54701e-05,0.000210388,1.28205e-05
227,0.0122,0.0037931,0,0.000215385,0,0.000128205,0.00017094,1.25356e-05
228,0.0118,0.00406897,0,0.000128205,0,0.000213675,0.000144642,1.22507e-05
229,0.0118,0.00393103,6.66667e-05,2.05128e-05,0,6.41026e-05,0,1.16809e-05
230,0.012,0.004,0,0,0,0,0,1.15385e-05
231,0.0122,0.00393103,0,5.64103e-05,0,2.13675e-05,9.20447e-05,1.1396e-05
232,0.0122,0.00372414,0,0.000138462,0,2.13675e-05,0.000157791,1.09687e-05
233,0.0122,0.00372414,0,9.23077e-05,0,0.000106838,0.000144642,1.09687e-05
234,0.012,0.00386207,0,0,0,0,0,1.09687e-05
235,0.0118,0.00386207,2.22222e-05,2.5641e-05,0,8.54701e-05,6.57462e-05,1.06838e-05
236,0.0116,0.00386207,0,0,0,0,0,1.05413e-05
237,0.0116,0.00406897,0,0,0,0,0,1.03989e-05
238,0.0116,0.00393103,0,3.58974e-05,0,4.2735e-05,2.62985e-05,1.02564e-05
239,0.0116,0.00393103,0.000111111,4.10256e-05,0,2.13675e-05,5.2597e-05,1.0114e-05
240,0.0116,0.00393103,0.000133333,3.07692e-05,0,6.41026e-05,5.2597e-05,9.82906e-06
241,0.0118,0.00365517,0.00108889,0.000466667,0,0.000405983,0.000499671,9.68661e-06
242,0.012,0.00365517,0.001,0.000871795,4.61538e-05,0.000705128,0.00111769,9.68661e-06
243,0.0118,0.00372414,0.0012,0.00101026,0.000169231,0.00104701,0.00113083,1.26781e-05
244,0.0122,0.00358621,0.000688889,0.00113333,0.000353846,0.000876068,0.000946746,1.66667e-05
245,0.012,0.004,0.000377778,0.000671795,0.000769231,0.00042735,0.000591716,2.94872e-05
246,0.0118,0.00393103,0.000244444,0.000492308,0.0014,0.00042735,0.000539119,4.51567e-05
247,0.0118,0.00413793,0.000355556,0.000251282,0.00132308,0.000299145,0.000420776,7.29345e-05
248,0.012,0.00434483,0.000622222,0.000174359,0.0014,0.000235043,0.000210388,9.78632e-05
249,0.0122,0.00455172,0.0006,0.000512821,0.0014,0.000641026,0.000644313,0.000121795
250,0.0126,0.0042069,0.000377778,0.000333333,0.00155385,0.000320513,0.000328731,0.000146866
251,0.013,0.00386207,0.0012,0.000666667,0.00143077,0.000769231,0.000591716,0.000171368
252,0.0132,0.00393103,0.00217778,0.00134359,0.00149231,0.00138889,0.00151216,0.000194017
253,0.0134,0.00406897,0.00142222,0.00174359,0.00193846,0.00181624,0.00157791,0.000220513
254,0.0134,0.0042069,0.00191111,0.00235385,0.00207692,0.00207265,0.00209073,0.000257265
255,0.0134,0.00413793,0.00142222,0.00197949,0.00170769,0.00213675,0.00205128,0.000288319
256,0.0136,0.00427586,0.00155556,0.00182051,0.00161538,0.00181624,0.00163051,0.000315954
257,0.013,0.0042069,0.00106667,0.00149744,0.00153846,0.00141026,0.00148586,0.000343305
258,0.0132,0.0042069,0.0012,0.00105128,0.00146154,0.00113248,0.00110454,0.000364957
259,0.0128,0.00434483,0.00137778,0.000989744,0.00109231,0.00126068,0.00107824,0.000380342
260,0.013,0.00427586,0.00135556,0.00149231,0.00112308,0.00155983,0.00130178,0.000390883
261,0.0128,0.00427586,0.00193333,0.00168718,0.00156923,0.00162393,0.00191979,0.000411966
262,0.0128,0.00434483,0.00168889,0.00148205,0.0012,0.00147436,0.0018146,0.000431766
263,0.0126,0.00448276,0.00211111,0.00194359,0.00152308,0.00162393,0.00202498,0.00044302
264,0.0126,0.00462069,0.00146667,0.00186154,0.00272308,0.00200855,0.00140697,0.000472365
265,0.0128,0.00475862,0.00266667,0.00153333,0.00296923,0.00166667,0.0016568,0.000518376
266,0.0128,0.00489655,0.00286667,0.00276923,0.00227692,0.00252137,0.00285339,0.000559829
267,0.0122,0.00510345,0.00197778,0.00269744,0.00233846,0.0024359,0.00278764,0.000587892
268,0.0122,0.00503448,0.0038,0.00289231,0.00255385,0.00271368,0.00284024,0.000618091
269,0.0122,0.00489655,0.00366667,0.00392821,0.00210769,0.00391026,0.00372124,0.000653419
270,0.0122,0.00489655,0.0054,0.00437436,0.00226154,0.00459402,0.00445759,0.000679202
271,0.012,0.00455172,0.00528889,0.00463077,0.00233846,0.00478632,0.00502301,0.000703419
272,0.0118,0.00462069,0.00591111,0.00570769,0.00209231,0.00589744,0.00553583,0.00072792
273,0.0118,0.00455172,0.00642222,0.0068359,0.00169231,0.00702991,0.00612755,0.000754986
274,0.0116,0.00462069,0.00464444,0.00662051,0.00124615,0.00598291,0.00640368,0.000764815
275,0.0118,0.00427586,0.00464444,0.00516923,0.00101538,0.00495726,0.00493097,0.000774501
276,0.0118,0.00413793,0.00395556,0.00545641,0.00112308,0.00540598,0.00494412,0.000781624
277,0.0114,0.00427586,0.00453333,0.00458974,0.000723077,0.00457265,0.00477318,0.00078433
278,0.0114,0.00427586,0.00517778,0.00468718,0.000892308,0.0049359,0.00466798,0.000784615
279,0.0114,0.00413793,0.0066,0.00518974,0.000876923,0.00512821,0.00510191,0.000785328
280,0.0112,0.00427586,0.00551111,0.00488718,0.00141538,0.00497863,0.00516765,0.000793162
281,0.0116,0.00427586,0.00702222,0.00594872,0.00158462,0.00529915,0.00598291,0.000811111
282,0.0116,0.00406897,0.00771111,0.00791282,0.00176923,0.00732906,0.00788955,0.000834473
283,0.0114,0.00386207,0.00748889,0.00726154,0.0022,0.00767094,0.00738988,0.000859687
284,0.0114,0.00372414,0.00586667,0.00699487,0.003,0.00683761,0.00695595,0.000886325
285,0.0114,0.00351724,0.00531111,0.00579487,0.00321538,0.00596154,0.00604865,0.000934615
286,0.0116,0.00386207,0.00362222,0.00480513,0.00338462,0.00504274,0.00485207,0.000972507
287,0.011,0.00413793,0.00313333,0.00428718,0.00272308,0.00354701,0.00382643,0.00101254
288,0.011,0.004,0.00293333,0.00328718,0.00213846,0.00320513,0.00331361,0.00104687
289,0.0112,0.004,0.00326667,0.00344615,0.00186154,0.00376068,0.00322156,0.00106667
290,0.0112,0.00393103,0.00344444,0.00332821,0.00198462,0.00311966,0.00382643,0.0010859
291,0.0112,0.00386207,0.00284444,0.00349744,0.00124615,0.0040812,0.00390533,0.00109843
292,0.0108,0.00406897,0.00213333,0.00360513,0.00113846,0.00297009,0.00312952,0.00110442
293,0.0102,0.0042069,0.00142222,0.00279487,0.00110769,0.00273504,0.00290598,0.0011057
294,0.0102,0.00413793,0.00106667,0.00192821,0.00141538,0.00196581,0.00172255,0.00111638
295,0.0102,0.00427586,0.00115556,0.00102564,0.0018,0.000982906,0.00117028,0.00112393
296,0.01,0.00434483,0.00164444,0.00158974,0.00164615,0.00173077,0.00161736,0.0011292
297,0.01,0.00427586,0.00153333,0.00193846,0.00147692,0.00192308,0.00169625,0.00113632
298,0.0098,0.00448276,0.00226667,0.00150256,0.00141538,0.0016453,0.00142012,0.0011463
299,0.01,0.00462069,0.00244444,0.00151795,0.00146154,0.00143162,0.00161736,0.00115071
300,0.01,0.00441379,0.00206667,0.0016359,0.00155385,0.0015812,0.0017357,0.00115855
301,0.01,0.0042069,0.00251111,0.0016,0.00173846,0.0017735,0.0017357,0.00116368
302,0.01,0.00434483,0.00268889,0.00253846,0.00126154,0.00239316,0.00278764,0.00116681
303,0.01,0.00434483,0.0022,0.00221026,0.00103077,0.00237179,0.00236686,0.00117009
304,0.0098,0.00441379,0.00231111,0.00221538,0.00118462,0.00239316,0.00203813,0.00117222
305,0.0096,0.00448276,0.00251111,0.00252821,0.00176923,0.0025,0.00249836,0.00117892
306,0.0098,0.00427586,0.00291111,0.00289744,0.00167692,0.00303419,0.00285339,0.00119217
307,0.0098,0.00406897,0.0028,0.00273333,0.00223077,0.00275641,0.00265615,0.00120014
308,0.0098,0.00413793,0.00255556,0.00274359,0.00169231,0.00305556,0.002643,0.00121481
309,0.0098,0.00434483,0.00255556,0.00274872,0.00155385,0.00209402,0.00285339,0.00122009
310,0.0102,0.00441379,0.00373333,0.0032359,0.00130769,0.0034188,0.00327416,0.00122422
311,0.0102,0.00455172,0.00313333,0.00318462,0.00115385,0.00241453,0.00307692,0.00122422
312,0.0102,0.00462069,0.00335556,0.00392308,0.00183077,0.00380342,0.00377383,0.00122749
313,0.0102,0.00468966,0.00275556,0.00420513,0.00112308,0.0034188,0.00385273,0.00123462
314,0.0102,0.00468966,0.00302222,0.00269744,0.00126154,0.00316239,0.00326101,0.00123333
315,0.0102,0.00468966,0.00253333,0.00242051,0.000969231,0.00269231,0.00277449,0.00123248
316,0.0102,0.00468966,0.0028,0.00287692,0.00113846,0.00269231,0.00294543,0.00122635
317,0.0104,0.00441379,0.00342222,0.00325128,0.00178462,0.00290598,0.00312952,0.00122664
318,0.0106,0.00448276,0.00337778,0.00365641,0.00123077,0.00344017,0.00326101,0.00123162
319,0.0108,0.00455172,0.00306667,0.00293333,0.000984615,0.00311966,0.00301118,0.00122664
320,0.0108,0.00475862,0.00326667,0.003,0.00133846,0.00316239,0.00248521,0.00123105
321,0.0106,0.00475862,0.0022,0.00286154,0.00113846,0.00284188,0.00248521,0.00123276
322,0.0106,0.00482759,0.00268889,0.00272821,0.000769231,0.00320513,0.00290598,0.0012245
323,0.0108,0.00496552,0.00215556,0.0022359,0.000830769,0.00239316,0.00226167,0.00121667
324,0.011,0.00489655,0.00317778,0.00213333,0.000738462,0.00252137,0.00226167,0.00121068
325,0.0108,0.00489655,0.002,0.00240513,0.000738462,0.00230769,0.00273504,0.00120598
326,0.0108,0.00475862,0.00135556,0.00178974,0.000953846,0.00194444,0.0017883,0.00120114
327,0.011,0.00448276,0.00173333,0.00153846,0.00110769,0.00138889,0.00130178,0.00119202
328,0.011,0.00455172,0.0018,0.00171795,0.00152308,0.00173077,0.00149901,0.00119601
329,0.011,0.00468966,0.00128889,0.00169744,0.000861538,0.00190171,0.0016568,0.00119359
330,0.011,0.00468966,0.00162222,0.00145641,0.000984615,0.00136752,0.00153846,0.00119145
331,0.011,0.00455172,0.00144444,0.00182051,0.00144615,0.00166667,0.00194609,0.00119188
332,0.011,0.00455172,0.00142222,0.00151795,0.00183077,0.00132479,0.00148586,0.00119957
333,0.0112,0.00468966,0.000511111,0.00131795,0.00209231,0.00130342,0.00139382,0.00120869
334,0.011,0.00455172,0.000422222,0.00118462,0.00309231,0.00134615,0.000933596,0.0012292
335,0.011,0.00462069,0.0008,0.00104615,0.00298462,0.00108974,0.00130178,0.00125997
336,0.0112,0.00462069,0.00137778,0.00121026,0.00224615,0.00113248,0.00105194,0.00128462
337,0.011,0.00462069,0.00128889,0.00137949,0.00270769,0.00119658,0.00120973,0.0013094
338,0.0112,0.00455172,0.00224444,0.00135385,0.00264615,0.00173077,0.00117028,0.00133504
339,0.011,0.00468966,0.00288889,0.00192821,0.00223077,0.00207265,0.00219592,0.0013584
340,0.011,0.00468966,0.00371111,0.0025641,0.00273846,0.00273504,0.00281394,0.00137934
341,0.011,0.00475862,0.00357778,0.00331282,0.00261538,0.00346154,0.00332676,0.00140812
342,0.0112,0.00468966,0.00355556,0.00322051,0.00292308,0.00262821,0.00315582,0.00143661
343,0.0114,0.00448276,0.00215556,0.00325128,0.00292308,0.00264957,0.00307692,0.00146795
344,0.0112,0.00455172,0.00222222,0.0026,0.00289231,0.0032265,0.0026693,0.00149729
345,0.0112,0.00441379,0.00277778,0.00189744,0.00324615,0.00192308,0.00207758,0.00152265
346,0.0114,0.00448276,0.00168889,0.00224615,0.00216923,0.00183761,0.00236686,0.00154516
347,0.0116,0.00462069,0.00131111,0.00198462,0.00158462,0.00220085,0.00209073,0.00155897
348,0.0118,0.00434483,0.00106667,0.00135385,0.000538462,0.00162393,0.00155161,0.00154758
349,0.0118,0.00448276,0.00211111,0.00119487,0.0008,0.00117521,0.00136752,0.00152821
350,0.012,0.00441379,0.00211111,0.0018,0.000876923,0.00196581,0.00186719,0.00151766
351,0.0118,0.00455172,0.00184444,0.0016359,0.00121538,0.00185897,0.00180145,0.00150769
352,0.0112,0.00489655,0.00182222,0.00169231,0.00166154,0.00149573,0.00191979,0.00150584
353,0.0114,0.00482759,0.00213333,0.00187692,0.00126154,0.00202991,0.0018146,0.0015067
354,0.0112,0.00482759,0.00175556,0.00186667,0.00124615,0.00200855,0.00140697,0.00150157
355,0.0112,0.00434483,0.00277778,0.00285128,0.00152308,0.0025,0.00274819,0.00149744
356,0.011,0.00455172,0.00295556,0.00307179,0.0016,0.00273504,0.00289283,0.00150185
357,0.0108,0.00468966,0.00328889,0.00310256,0.00158462,0.00260684,0.00340565,0.00150755
358,0.0108,0.00475862,0.00275556,0.0036359,0.00167692,0.00333333,0.0035503,0.0015104
359,0.011,0.00475862,0.00306667,0.00352308,0.00118462,0.00373932,0.003524,0.00151325
360,0.0112,0.00482759,0.00413333,0.00322564,0.00130769,0.00369658,0.00353715,0.00150513
361,0.0114,0.00468966,0.0032,0.00341538,0.00166154,0.00365385,0.00364234,0.0015047
362,0.0112,0.00496552,0.00342222,0.00315385,0.00127692,0.00318376,0.00302433,0.00150399
363,0.011,0.00531034,0.00333333,0.00293846,0.00124615,0.00264957,0.0026956,0.00150014
364,0.0106,0.00558621,0.00248889,0.00292821,0.00121538,0.0025,0.00284024,0.00149815
365,0.0106,0.00551724,0.00162222,0.00222564,0.0008,0.00194444,0.00234057,0.00149202
366,0.0106,0.0057931,0.00204444,0.00170256,0.000461538,0.00181624,0.00199869,0.00147735
367,0.0108,0.00606897,0.00328889,0.0024359,0.000415385,0.00237179,0.00241946,0.00145869
368,0.0108,0.0062069,0.00511111,0.00375385,0.000292308,0.00309829,0.00361604,0.00144117
369,0.0108,0.006,0.00622222,0.00469744,0.000107692,0.00508547,0.00485207,0.00142151
370,0.0108,0.00586207,0.00722222,0.00612821,7.69231e-05,0.00564103,0.00644313,0.00140342
371,0.0108,0.00593103,0.00657778,0.00701538,0.000338462,0.00692308,0.00656147,0.00138447
372,0.0108,0.00606897,0.00677778,0.00630769,0.000123077,0.00613248,0.00590401,0.00136538
373,0.0108,0.00572414,0.00602222,0.00654872,0.0002,0.00636752,0.00741617,0.00134687
374,0.0106,0.0057931,0.00491111,0.00603077,0.000369231,0.00611111,0.00635108,0.00132678
375,0.0106,0.00572414,0.00508889,0.00542564,0.000446154,0.00508547,0.00619329,0.00131325
376,0.0108,0.00606897,0.00566667,0.00593846,0.000476923,0.00525641,0.00578567,0.00129601
377,0.0108,0.00593103,0.00606667,0.00522564,0.000307692,0.00587607,0.00591716,0.00127692
378,0.0108,0.00586207,0.00631111,0.00633846,0.000261538,0.00602564,0.00653517,0.00125912
379,0.0108,0.006,0.00771111,0.00586667,0.000523077,0.00551282,0.00578567,0.00124074
380,0.0108,0.0057931,0.00793333,0.00726154,0.000707692,0.0074359,0.0069954,0.00122906
381,0.0106,0.0057931,0.0082,0.00636923,0.00129231,0.00715812,0.00637738,0.00122279
382,0.0106,0.00572414,0.0086,0.00719487,0.00143077,0.00754274,0.00729783,0.00122621
383,0.0106,0.00558621,0.00766667,0.00650256,0.00129231,0.00705128,0.00727153,0.00122536
384,0.0106,0.00551724,0.0074,0.00778462,0.00127692,0.00726496,0.00799474,0.00122607
385,0.0106,0.00544828,0.00704444,0.00784615,0.0014,0.00782051,0.00795529,0.0012255
386,0.0104,0.00572414,0.0062,0.00729744,0.00109231,0.00739316,0.00665352,0.0012292
387,0.0104,0.00572414,0.00484444,0.00579487,0.00113846,0.0057265,0.00640368,0.00122222
388,0.0106,0.00558621,0.00544444,0.00515897,0.00135385,0.00508547,0.00527285,0.0012208
389,0.0106,0.00558621,0.00557778,0.00535385,0.0014,0.00510684,0.00532544,0.00122407
390,0.0106,0.00572414,0.00586667,0.00575897,0.00147692,0.00504274,0.00570677,0.00123091
391,0.0108,0.00551724,0.00642222,0.00649231,0.00107692,0.00630342,0.00604865,0.00123348
392,0.0108,0.00496552,0.00673333,0.00613333,0.000615385,0.00638889,0.00582512,0.0012292
393,0.0108,0.00496552,0.00684444,0.00551282,0.000953846,0.00626068,0.00625904,0.00121937
394,0.0108,0.00482759,0.00688889,0.00750769,0.00156923,0.00711538,0.00716634,0.00122123
395,0.0112,0.00441379,0.00597778,0.00672308,0.00109231,0.00660256,0.00710059,0.0012235
396,0.0112,0.00441379,0.00522222,0.00491282,0.00106154,0.00508547,0.00519395,0.00121667
397,0.0116,0.00441379,0.0046,0.00527692,0.00118462,0.00514957,0.00562788,0.0012151
398,0.0116,0.00441379,0.0032,0.00435897,0.00183077,0.00442308,0.00431295,0.00122051
399,0.0114,0.00468966,0.00248889,0.00334872,0.00172308,0.00316239,0.00351085,0.00123205
400,0.0114,0.00462069,0.00237778,0.00334872,0.00158462,0.00318376,0.00285339,0.00124131
401,0.0116,0.00455172,0.00357778,0.00310769,0.00292308,0.00307692,0.00333991,0.00125954
402,0.0116,0.00468966,0.00466667,0.00344615,0.00298462,0.0032265,0.00348455,0.00128604
403,0.012,0.00448276,0.00471111,0.00431282,0.00367692,0.00502137,0.00468113,0.00132934
404,0.012,0.00448276,0.0048,0.00487179,0.00364615,0.00517094,0.00474688,0.00137735
405,0.0122,0.00434483,0.00371111,0.00425128,0.00336923,0.0049359,0.00472058,0.00141994
406,0.0122,0.00434483,0.00382222,0.00392821,0.0038,0.0042094,0.00416831,0.00146809
407,0.0118,0.00455172,0.00382222,0.00378462,0.00367692,0.00350427,0.00426036,0.00150641
408,0.0118,0.00455172,0.00311111,0.00366154,0.00429231,0.00348291,0.00368179,0.00154672
409,0.0118,0.00468966,0.00342222,0.00375385,0.00366154,0.00386752,0.00415516,0.0015943
410,0.012,0.00441379,0.00291111,0.00362564,0.00424615,0.00301282,0.00314267,0.00163333
411,0.0116,0.00441379,0.00317778,0.00325128,0.00444615,0.0032906,0.00340565,0.00168746
412,0.0118,0.00434483,0.00215556,0.00281026,0.00529231,0.00294872,0.00287968,0.00174658
413,0.0118,0.00427586,0.00208889,0.00195385,0.00487692,0.00198718,0.00232742,0.00180541
414,0.012,0.00441379,0.00188889,0.00187179,0.00498462,0.00194444,0.00188034,0.00186724
415,0.012,0.00427586,0.00235556,0.0030359,0.00415385,0.00288462,0.00282709,0.00191481
416,0.0116,0.00441379,0.00253333,0.00228718,0.00589231,0.00269231,0.00277449,0.00196724
417,0.0118,0.00441379,0.00288889,0.00202051,0.00544615,0.00241453,0.00236686,0.00204501
418,0.0118,0.0042069,0.00142222,0.00206667,0.00570769,0.00241453,0.0026167,0.00210043
419,0.012,0.00434483,0.00173333,0.0014359,0.00593846,0.00108974,0.00139382,0.00217151
420,0.012,0.00448276,0.0022,0.00195385,0.00478462,0.0016453,0.00194609,0.00223333
421,0.012,0.00434483,0.00217778,0.00191795,0.00409231,0.0016453,0.001762,0.00227279
422,0.0118,0.00427586,0.0026,0.00176923,0.00458462,0.00168803,0.00209073,0.00230954
423,0.012,0.00448276,0.00231111,0.00172821,0.0052,0.00196581,0.00177515,0.0023584
424,0.0122,0.00448276,0.00268889,0.00293333,0.00535385,0.0032906,0.00290598,0.00240912
425,0.012,0.00427586,0.00204444,0.00227692,0.00418462,0.00247863,0.00247206,0.00245071
426,0.0118,0.00434483,0.00164444,0.00234872,0.00384615,0.00185897,0.00186719,0.0024755
427,0.0116,0.00434483,0.00177778,0.00151795,0.00330769,0.00185897,0.00159106,0.00249217
428,0.0118,0.00441379,0.002,0.00114359,0.00376923,0.00111111,0.00131492,0.00250969
429,0.0118,0.00462069,0.00204444,0.00215385,0.00410769,0.00194444,0.0017883,0.00253675
430,0.0114,0.00468966,0.00195556,0.00195897,0.00396923,0.00192308,0.00226167,0.00256667
431,0.0116,0.00475862,0.00168889,0.00168718,0.00387692,0.00168803,0.0016831,0.00258832
432,0.0116,0.00475862,0.0014,0.00164615,0.00290769,0.00155983,0.00153846,0.00261809
433,0.0118,0.00482759,0.00262222,0.00146154,0.00253846,0.00143162,0.00142012,0.00261125
434,0.0118,0.00455172,0.00306667,0.00148205,0.00216923,0.00141026,0.0017357,0.00261182
435,0.0118,0.00427586,0.00397778,0.00282564,0.00201538,0.00305556,0.00297173,0.00260157
436,0.0116,0.00427586,0.00368889,0.00355897,0.00196923,0.00326923,0.00318212,0.00259501
437,0.0116,0.00455172,0.00488889,0.00415897,0.000953846,0.00446581,0.00473373,0.00258348
438,0.0116,0.00441379,0.00557778,0.00455897,0.000907692,0.00429487,0.00441815,0.00255385
439,0.0116,0.00462069,0.00611111,0.00571282,0.000692308,0.00651709,0.00620644,0.00252023
440,0.0116,0.00448276,0.00486667,0.00577436,0.000676923,0.00602564,0.00565417,0.00248917
441,0.012,0.00462069,0.00284444,0.00474359,0.000569231,0.00450855,0.00507561,0.00245385
442,0.012,0.00441379,0.00344444,0.00386154,0.000446154,0.0041453,0.00362919,0.00241866
443,0.012,0.00448276,0.00337778,0.00368718,0.0006,0.00380342,0.00332676,0.00238034
444,0.0124,0.00434483,0.00242222,0.00349744,0.000384615,0.00326923,0.00332676,0.00235
445,0.0126,0.00434483,0.00173333,0.00258462,0.000938462,0.00271368,0.0026693,0.00231923
446,0.0128,0.00406897,0.00115556,0.00166154,0.000569231,0.00155983,0.0017883,0.00229017
447,0.013,0.00413793,0.000822222,0.000953846,0.00129231,0.000790598,0.000894149,0.00226581
448,0.013,0.00427586,0.000711111,0.000758974,0.000815385,0.000726496,0.00106509,0.00225085
449,0.0128,0.00434483,0.00135556,0.000841026,0.00107692,0.000897436,0.000841552,0.0022198
450,0.013,0.00413793,0.000822222,0.00102051,0.00135385,0.000576923,0.000815253,0.00220142
451,0.0134,0.00393103,0.0008,0.000892308,0.00149231,0.000876068,0.000723208,0.00218462
452,0.0136,0.00393103,0.000622222,0.000574359,0.00129231,0.000491453,0.000460224,0.00217236
453,0.0134,0.004,0.000311111,0.000553846,0.00132308,0.000491453,0.000736358,0.00215641
454,0.0138,0.00413793,0.000333333,0.00034359,0.00116923,0.000299145,0.000381328,0.00214145
455,0.0132,0.00441379,0.000177778,0.000348718,0.00123077,0.000448718,0.000420776,0.00212849
456,0.0136,0.00434483,6.66667e-05,0.000348718,0.00121538,0.000320513,0.000368179,0.00211268
457,0.0134,0.00455172,8.88889e-05,0.000189744,0.00104615,0.000106838,0.000118343,0.00209658
458,0.0134,0.00462069,2.22222e-05,0.000107692,0.000723077,0.000106838,9.20447e-05,0.00207151
459,0.0134,0.00455172,6.66667e-05,0.000112821,0.000923077,8.54701e-05,9.20447e-05,0.002051
460,0.0134,0.00462069,0.000177778,8.20513e-05,0.000784615,0.000128205,0.000105194,0.00202764
461,0.0136,0.00468966,0.000244444,7.69231e-05,0.000646154,0.000128205,0.000157791,0.00199872
462,0.0136,0.00441379,0.000311111,0.000317949,0.000615385,0.000213675,0.000197239,0.00197151
463,0.0136,0.0042069,0.00117778,0.000733333,0.000661538,0.000491453,0.000618014,0.00194972
464,0.0136,0.004,0.000311111,0.000979487,0.0012,0.000790598,0.00101249,0.00192521
465,0.014,0.00386207,0.0008,0.000512821,0.000938462,0.000555556,0.000618014,0.00191453
466,0.0144,0.00386207,0.000288889,0.000682051,0.000923077,0.000726496,0.000552268,0.00189872
467,0.0144,0.0037931,0.000777778,0.000333333,0.000892308,0.000363248,0.000289283,0.00188191
468,0.0144,0.0037931,0.000866667,0.000712821,0.00143077,0.000961538,0.00069691,0.00186553
469,0.0144,0.0037931,0.00142222,0.000923077,0.00124615,0.00111111,0.000631164,0.00185769
470,0.0144,0.00344828,0.002,0.00133333,0.00115385,0.00123932,0.00132807,0.00184701
471,0.0142,0.00351724,0.00191111,0.00188205,0.00123077,0.00209402,0.00198554,0.00184188
472,0.0142,0.0037931,0.00142222,0.00186667,0.00155385,0.00153846,0.00149901,0.00183519
473,0.0142,0.00393103,0.00126667,0.00150256,0.00158462,0.00155983,0.00157791,0.00183248
474,0.0142,0.00413793,0.000755556,0.00127179,0.00235385,0.00113248,0.000894149,0.00182621
475,0.0142,0.00393103,0.000288889,0.000553846,0.00258462,0.000576923,0.000565417,0.00184131
476,0.014,0.00406897,0.000555556,0.000492308,0.00181538,0.000235043,0.000394477,0.00185157
477,0.0142,0.00427586,0.00144444,0.000682051,0.00135385,0.000769231,0.000644313,0.00185014
478,0.0144,0.00413793,0.00188889,0.00166154,0.00143077,0.00173077,0.00140697,0.0018396
479,0.0144,0.00413793,0.00111111,0.00134359,0.00156923,0.0015812,0.00153846,0.00184103
480,0.0142,0.00441379,0.000844444,0.00152821,0.00193846,0.00128205,0.00147272,0.00183974
481,0.0148,0.00434483,0.00104444,0.00104103,0.00146154,0.00106838,0.00107824,0.00184188
482,0.0144,0.00434483,0.000488889,0.000574359,0.000784615,0.00042735,0.000604865,0.00183319
483,0.0144,0.00448276,0.000222222,0.0008,0.000892308,0.000491453,0.000591716,0.00180883
484,0.0142,0.00441379,0.000688889,0.000625641,0.000938462,0.000918803,0.00086785,0.00179145
485,0.0142,0.00448276,0.000355556,0.000620513,0.00124615,0.000705128,0.000657462,0.00178234
486,0.014,0.0042069,0.000733333,0.000758974,0.000984615,0.000576923,0.000591716,0.0017661
487,0.014,0.00413793,0.000955556,0.000835897,0.0008,0.000961538,0.00106509,0.00175128
488,0.0142,0.004,0.000888889,0.000610256,0.0006,0.000448718,0.000552268,0.00173091
489,0.0142,0.004,0.000622222,0.000651282,0.000861538,0.000576923,0.000959895,0.00170783
490,0.0144,0.0042069,0.000222222,0.000394872,0.00104615,0.00042735,0.00052597,0.00169544
491,0.0144,0.00386207,0.000355556,0.000194872,0.00155385,0.000277778,0.000302433,0.0016906
492,0.0144,0.0037931,0.000444444,0.000338462,0.00192308,0.000405983,0.000512821,0.00168889
493,0.0144,0.00372414,0.000311111,0.000610256,0.0018,0.000534188,0.000604865,0.00169017
494,0.0144,0.00365517,8.88889e-05,0.000194872,0.00136923,0.000213675,0.000144642,0.00169558
495,0.014,0.0037931,2.22222e-05,7.17949e-05,0.00164615,2.13675e-05,0.000118343,0.00169615
496,0.014,0.00358621,0.000111111,0.000148718,0.00161538,0.00025641,0.000118343,0.00170214
497,0.0138,0.00344828,4.44444e-05,0.000117949,0.00196923,0.00017094,9.20447e-05,0.00170342
498,0.0142,0.00365517,2.22222e-05,8.71795e-05,0.00223077,0.000106838,0.000105194,0.00170442
499,0.0142,0.0037931,0.000355556,0.000215385,0.00190769,0.000128205,0.000144642,0.00171738
500,0.0146,0.004,0.000133333,0.00014359,0.00230769,0.000128205,0.000210388,0.00173248
501,0.0146,0.00393103,0.000577778,0.000158974,0.00183077,0.000213675,0.000105194,0.00173832
502,0.0148,0.00413793,8.88889e-05,0.000133333,0.00164615,0.000192308,7.88955e-05,0.0017406
503,0.0146,0.00427586,0.000622222,0.000415385,0.00143077,0.000384615,0.000407627,0.00173547
504,0.0144,0.00406897,0.000955556,0.000666667,0.00153846,0.000576923,0.000683761,0.00172892
505,0.0144,0.0042069,0.000688889,0.000712821,0.00109231,0.000662393,0.000644313,0.00172336
506,0.0144,0.00393103,0.000244444,0.00133846,0.00116923,0.000854701,0.000973044,0.00171325
507,0.0138,0.00393103,0.000133333,0.000507692,0.000953846,0.000512821,0.000618014,0.00169858
508,0.014,0.00386207,0.000533333,0.000394872,0.00149231,0.000384615,0.00034188,0.00169131
509,0.0138,0.00386207,0.000311111,0.000446154,0.000938462,0.000470085,0.000539119,0.00168162
510,0.0138,0.00393103,0.000466667,0.000405128,0.00104615,0.000512821,0.000473373,0.00167208
511,0.0138,0.00393103,0.000111111,0.000502564,0.0012,0.000512821,0.000473373,0.00166068
512,0.0138,0.00393103,0,0.000292308,0.00175385,0.000149573,0.000315582,0.00165769
513,0.0136,0.00406897,2.22222e-05,0.000148718,0.000876923,0.00025641,0.000223537,0.00165157
514,0.0136,0.004,0.000133333,3.58974e-05,0.0006,6.41026e-05,2.62985e-05,0.00163376
515,0.0136,0.00372414,0.000755556,0.000194872,0.000661538,0.000213675,0.000381328,0.00161225
516,0.0138,0.00386207,0.000777778,0.000482051,0.000923077,0.000363248,0.000447074,0.0015963
517,0.0138,0.00413793,0.00133333,0.00130769,0.000615385,0.00119658,0.00134122,0.00158077
518,0.0136,0.00468966,0.0018,0.00145128,0.000692308,0.00117521,0.00140697,0.00156724
519,0.0134,0.00468966,0.00186667,0.00204615,0.000723077,0.00213675,0.00157791,0.00155313
520,0.0132,0.00489655,0.00135556,0.00139487,0.000646154,0.00141026,0.00156476,0.00153803
521,0.0134,0.00462069,0.000911111,0.00112308,0.000815385,0.00143162,0.00107824,0.00152009
522,0.013,0.00482759,0.000511111,0.000789744,0.000815385,0.000918803,0.000973044,0.00150698
523,0.0128,0.00475862,0.000377778,0.000405128,0.00132308,0.000491453,0.000460224,0.00149217
524,0.0126,0.00434483,0.000577778,0.000497436,0.00133846,0.00034188,0.000447074,0.00148561
525,0.0124,0.0042069,0.000466667,0.000969231,0.00135385,0.000769231,0.000723208,0.00148048
526,0.0122,0.00441379,0.000466667,0.000964103,0.00164615,0.000940171,0.00086785,0.00148077
527,0.0122,0.00441379,0.000311111,0.000912821,0.00149231,0.000897436,0.000736358,0.00148476
528,0.0122,0.00441379,0.000177778,0.00054359,0.00124615,0.000726496,0.000604865,0.00148348
529,0.0124,0.00441379,0,0.000302564,0.00132308,0.000213675,0.000433925,0.00148376
530,0.0124,0.00441379,0,3.07692e-05,0.000861538,0.000106838,5.2597e-05,0.00147792
531,0.0126,0.00462069,0,8.20513e-05,0.00107692,4.2735e-05,7.88955e-05,0.00147222
532,0.0126,0.00468966,0,0.00014359,0.00113846,0.000106838,6.57462e-05,0.00146766
533,0.0124,0.00475862,0.0002,0.000323077,0.00107692,0.000363248,0.000447074,0.00146168
534,0.0124,0.00489655,2.22222e-05,5.64103e-05,0.00149231,2.13675e-05,9.20447e-05,0.00145855
535,0.0122,0.00482759,0,4.61538e-05,0.00146154,4.2735e-05,2.62985e-05,0.00145869
536,0.0126,0.00455172,4.44444e-05,1.02564e-05,0.00107692,4.2735e-05,0,0.00146211
537,0.0126,0.00489655,2.22222e-05,2.5641e-05,0.00109231,2.13675e-05,1.31492e-05,0.00145712
538,0.0128,0.00468966,0.000155556,5.12821e-05,0.001,0.000106838,3.94477e-05,0.00144972
539,0.0126,0.00475862,0.0006,0.000123077,0.001,0.00017094,0.00017094,0.00144815
540,0.0124,0.00517241,0.00106667,0.000697436,0.00149231,0.000705128,0.000670611,0.00144345
541,0.0126,0.00524138,0.00135556,0.000712821,0.000830769,0.000683761,0.00069691,0.00144359
542,0.0126,0.00531034,0.00104444,0.00113333,0.000569231,0.000790598,0.000841552,0.00143048
543,0.0122,0.00537931,0.0012,0.000810256,0.000784615,0.00106838,0.000973044,0.00141624
544,0.0118,0.00517241,0.00153333,0.00114359,0.000692308,0.00119658,0.00128863,0.00140855
545,0.0116,0.00531034,0.00157778,0.00130256,0.000723077,0.00143162,0.00143327,0.00139387
546,0.0116,0.00517241,0.00146667,0.00132821,0.000492308,0.00168803,0.00135437,0.00138262
547,0.0112,0.00531034,0.00175556,0.00136923,0.000292308,0.00134615,0.00145957,0.00136368
548,0.0114,0.00544828,0.00224444,0.00225128,0.000507692,0.00215812,0.00197239,0.0013463
549,0.0112,0.00544828,0.002,0.00142564,0.000646154,0.0017094,0.00163051,0.00133006
550,0.0114,0.00572414,0.00235556,0.00136923,0.000892308,0.00130342,0.00131492,0.00132265
551,0.011,0.00593103,0.00191111,0.00177436,0.000984615,0.0017094,0.0017094,0.00131909
552,0.0112,0.00551724,0.00177778,0.00148205,0.00110769,0.00138889,0.00143327,0.00131296
553,0.0112,0.00565517,0.002,0.0016359,0.001,0.00143162,0.00157791,0.00131026
554,0.0114,0.00544828,0.00186667,0.00147179,0.000553846,0.00166667,0.00147272,0.00130185
555,0.0114,0.00558621,0.00253333,0.00201026,0.000138462,0.00188034,0.00219592,0.00128533
556,0.0114,0.00551724,0.00148889,0.00253846,0.000123077,0.00213675,0.00218277,0.00126496
557,0.0116,0.00537931,0.00184444,0.00268718,0.000107692,0.00277778,0.00241946,0.00124217
558,0.0116,0.00565517,0.00135556,0.00172308,3.07692e-05,0.00192308,0.00184089,0.00122265
559,0.0116,0.00586207,0.00242222,0.00177949,3.07692e-05,0.00166667,0.00188034,0.00120171
560,0.0116,0.00613793,0.00253333,0.00263077,0,0.00207265,0.00232742,0.00118063
561,0.0116,0.00641379,0.00273333,0.00266154,1.53846e-05,0.00247863,0.00284024,0.00115698
562,0.0116,0.00641379,0.00215556,0.00224103,4.61538e-05,0.00222222,0.00226167,0.00113618
563,0.0118,0.00655172,0.0028,0.00233846,0,0.00232906,0.00223537,0.00111952
564,0.012,0.00648276,0.00246667,0.0024359,0,0.00198718,0.00293228,0.00109858
565,0.0122,0.00627586,0.00224444,0.0018359,0.000138462,0.00226496,0.00205128,0.00107721
566,0.0124,0.00606897,0.00151111,0.00182564,0.000184615,0.0015812,0.00163051,0.00106054
567,0.0118,0.0062069,0.00146667,0.00198974,0.000123077,0.00179487,0.00213018,0.0010443
568,0.012,0.00627586,0.00191111,0.00195385,7.69231e-05,0.00196581,0.00160421,0.00102664
569,0.012,0.00648276,0.00188889,0.00186667,7.69231e-05,0.0017094,0.00207758,0.00100912
570,0.0118,0.00668966,0.00208889,0.00201538,7.69231e-05,0.00162393,0.00216963,0.00099245
571,0.0118,0.00689655,0.00197778,0.00211282,6.15385e-05,0.00207265,0.00193294,0.000975356
572,0.0122,0.00668966,0.00262222,0.00281538,6.15385e-05,0.00282051,0.00247206,0.000958832
573,0.0128,0.00655172,0.00137778,0.00249231,0.000107692,0.00226496,0.00174885,0.000941168
574,0.0124,0.00668966,0.00104444,0.00186154,0.000107692,0.0017094,0.00198554,0.000923789
575,0.0124,0.00662069,0.00151111,0.00186667,4.61538e-05,0.0017094,0.00169625,0.000908547
576,0.012,0.00641379,0.00248889,0.00168718,7.69231e-05,0.00220085,0.00182774,0.000893447
577,0.012,0.00662069,0.00224444,0.00230256,0.000307692,0.00226496,0.00232742,0.000881339
578,0.0114,0.00689655,0.00335556,0.00281026,0.000676923,0.00284188,0.00286654,0.00087849
579,0.0116,0.00696552,0.00284444,0.0033641,0.000753846,0.00286325,0.0026956,0.000878063
580,0.0118,0.00710345,0.00246667,0.00298462,0.000784615,0.00303419,0.00318212,0.000875071
581,0.0118,0.00703448,0.00204444,0.00251282,0.000707692,0.00239316,0.00244576,0.000876923
582,0.0118,0.00744828,0.00171111,0.00278462,0.00124615,0.00224359,0.00276134,0.000874644
583,0.0118,0.00772414,0.00317778,0.00235897,0.00136923,0.00183761,0.00227482,0.000882621
584,0.0118,0.00793103,0.00344444,0.00290256,0.00149231,0.00326923,0.00286654,0.000890456
585,0.0118,0.00806897,0.00371111,0.00346154,0.00163077,0.00316239,0.00330046,0.000897151
586,0.0118,0.00827586,0.00393333,0.00348205,0.00172308,0.00350427,0.0034977,0.000908547
587,0.012,0.00813793,0.00577778,0.00407692,0.00155385,0.00410256,0.00366864,0.000918091
588,0.0124,0.00827586,0.00377778,0.00419487,0.0016,0.00410256,0.0042735,0.000932906
589,0.0124,0.00868966,0.00402222,0.00426154,0.00146154,0.00423077,0.00398422,0.000946011
590,0.0124,0.00813793,0.00422222,0.0045641,0.00158462,0.00440171,0.00524655,0.000953989
591,0.0126,0.008,0.00575556,0.00407692,0.00229231,0.00382479,0.00372124,0.000971795
592,0.0126,0.00806897,0.00755556,0.00536923,0.00213846,0.00540598,0.00531229,0.00099359
593,0.0128,0.00841379,0.00637778,0.00641538,0.00189231,0.00551282,0.00642998,0.00101752
594,0.0128,0.00875862,0.00655556,0.00632308,0.00276923,0.00641026,0.00624589,0.00103989
595,0.0126,0.00903448,0.00562222,0.00597949,0.00230769,0.0057906,0.00581197,0.00106624
596,0.0128,0.00903448,0.00571111,0.00589231,0.00278462,0.00553419,0.00578567,0.00109658
597,0.013,0.00882759,0.00413333,0.00506667,0.00172308,0.00529915,0.005286,0.0011265
598,0.013,0.00903448,0.00288889,0.00409231,0.0018,0.00433761,0.00423406,0.00114188
599,0.0128,0.00937931,0.00335556,0.00398974,0.00238462,0.00376068,0.00402367,0.00115954
600,0.013,0.00910345,0.00362222,0.00340513,0.00172308,0.00297009,0.0035503,0.00117877
601,0.0132,0.00910345,0.00468889,0.00361026,0.00201538,0.00350427,0.00332676,0.00118732
602,0.0132,0.00917241,0.00315556,0.00374872,0.00258462,0.00363248,0.00373439,0.0012057
603,0.0132,0.0097931,0.0038,0.00319487,0.00229231,0.00348291,0.003524,0.00122607
604,0.0134,0.010069,0.00351111,0.00311282,0.0024,0.00331197,0.00337936,0.00124801
605,0.0134,0.00993103,0.00353333,0.00298462,0.00229231,0.00290598,0.00290598,0.00127564
606,0.0132,0.010069,0.00446667,0.00332821,0.00241538,0.00339744,0.00343195,0.00129131
607,0.0132,0.0101379,0.00517778,0.00354359,0.00232308,0.00384615,0.00393162,0.00132137
608,0.0132,0.0101379,0.00377778,0.0040359,0.00238462,0.00476496,0.0042735,0.00133761
609,0.0132,0.0104828,0.00311111,0.00435897,0.00216923,0.00452991,0.00451019,0.00135954
610,0.0132,0.0106207,0.00402222,0.00388718,0.00209231,0.00452991,0.00416831,0.00136895
611,0.0132,0.0108276,0.00291111,0.00451282,0.0028,0.00476496,0.00474688,0.00138048
612,0.0132,0.0111034,0.00197778,0.00327179,0.00167692,0.00337607,0.00336621,0.00139872
613,0.013,0.0112414,0.00268889,0.00252821,0.00161538,0.00254274,0.0025904,0.00140613
614,0.013,0.0113103,0.0032,0.00235897,0.00158462,0.00273504,0.00222222,0.00140954
615,0.0132,0.0110345,0.00275556,0.00287179,0.00216923,0.0025641,0.00290598,0.00141909
616,0.0134,0.0106897,0.0026,0.00287179,0.00203077,0.00260684,0.00245891,0.00143234
617,0.0134,0.0109655,0.0028,0.00274872,0.0024,0.00264957,0.00330046,0.00144188
618,0.0132,0.0108276,0.00346667,0.0027641,0.00270769,0.00303419,0.00358974,0.00145869
619,0.0132,0.0107586,0.00346667,0.00283077,0.00189231,0.00277778,0.0034188,0.00147536
620,0.013,0.0107586,0.00524444,0.00443077,0.00203077,0.00502137,0.00414201,0.00148305
621,0.013,0.0109655,0.00484444,0.00457436,0.00190769,0.00431624,0.00452334,0.00149202
622,0.013,0.0112414,0.00486667,0.00426154,0.00167692,0.00412393,0.00452334,0.00150014
623,0.013,0.0111034,0.00428889,0.00475897,0.00183077,0.00514957,0.00441815,0.00150499
624,0.0128,0.0111724,0.00382222,0.0041641,0.00236923,0.00438034,0.00377383,0.00151595
625,0.0132,0.0111724,0.00251111,0.00346667,0.00216923,0.00339744,0.00324786,0.00152906
626,0.013,0.0112414,0.00368889,0.00309231,0.00238462,0.00339744,0.00299803,0.00153761
627,0.013,0.0113793,0.00304444,0.0034359,0.00201538,0.00376068,0.00328731,0.00155271
628,0.0132,0.0111724,0.00466667,0.00365128,0.00336923,0.00399573,0.00357659,0.00157493
629,0.0134,0.0111724,0.00813333,0.00551282,0.00338462,0.00534188,0.00564103,0.00160755
630,0.0134,0.0113103,0.007,0.00698974,0.00318462,0.00762821,0.00654832,0.00164359
631,0.0138,0.0111724,0.00762222,0.0077641,0.00369231,0.00715812,0.00811308,0.00167849
632,0.0136,0.0111724,0.00864444,0.00803077,0.00366154,0.00745726,0.00845496,0.00171809
633,0.0136,0.0113103,0.0102889,0.00963077,0.00321538,0.00886752,0.00928337,0.00174687
634,0.0138,0.0109655,0.0115778,0.0114769,0.00347692,0.0113889,0.0118869,0.00177009
635,0.0138,0.0106897,0.0136222,0.0125333,0.00350769,0.0126068,0.0128468,0.00180256
636,0.0138,0.0106207,0.0127556,0.0124615,0.00289231,0.0130983,0.0114267,0.00182991
637,0.0134,0.0107586,0.0105333,0.0129077,0.00390769,0.0122222,0.0121893,0.00186225
638,0.0132,0.0106207,0.0133333,0.0122462,0.00407692,0.0129487,0.0126364,0.00190499
639,0.013,0.0107586,0.0151556,0.0129949,0.00370769,0.0124359,0.0126496,0.0019386
640,0.0132,0.0108276,0.0164889,0.0153795,0.00361538,0.015641,0.0152268,0.00197165
641,0.0132,0.0109655,0.0145556,0.0160513,0.00356923,0.0158974,0.0160552,0.00199715
642,0.0136,0.0111724,0.0131111,0.0151179,0.00296923,0.0150214,0.0146614,0.00201638
643,0.0134,0.0113103,0.0133556,0.0157128,0.00463077,0.0150855,0.0158974,0.00204886
644,0.0134,0.0113793,0.0137556,0.0149744,0.00424615,0.0148932,0.0149375,0.00209516
645,0.0134,0.0115172,0.0131778,0.0130872,0.0034,0.0131197,0.01357,0.00212778
646,0.0134,0.0102069,0.0132,0.0133282,0.00396923,0.0134829,0.0132018,0.00214815
647,0.0128,0.0102759,0.0136222,0.0131077,0.00412308,0.0138462,0.0136752,0.00218205
648,0.013,0.0104828,0.0133556,0.0139744,0.00410769,0.0143162,0.014096,0.00221368
649,0.0132,0.0105517,0.0127111,0.0137949,0.00386154,0.0138034,0.0136621,0.00225214
650,0.0128,0.0111034,0.0129111,0.0138615,0.00326154,0.0136752,0.0142538,0.00228746
651,0.0126,0.0114483,0.0122,0.0141385,0.00301538,0.0143376,0.0143984,0.00230057
652,0.013,0.0114483,0.0117111,0.0127128,0.00313846,0.0139103,0.012597,0.00232365
653,0.013,0.0114483,0.0130222,0.0117436,0.00344615,0.0119872,0.0120316,0.0023349
654,0.013,0.0113103,0.0124889,0.0120974,0.00306154,0.0123291,0.0120447,0.002351
655,0.013,0.0114483,0.0121778,0.0121385,0.00353846,0.0119231,0.0111374,0.00236766
656,0.0124,0.0117931,0.0116222,0.0118462,0.00336923,0.011047,0.0118343,0.00238946
657,0.0124,0.0117931,0.0144,0.0124923,0.00396923,0.0120726,0.0108876,0.00240912
658,0.0124,0.012,0.0146889,0.0133538,0.00581538,0.0134829,0.0133859,0.00246097
659,0.0124,0.0118621,0.0126,0.0118513,0.00506154,0.0132479,0.0130046,0.00252137
660,0.0122,0.0117931,0.0132667,0.0125333,0.005,0.0132692,0.0130966,0.00256182
661,0.0122,0.0122069,0.0125778,0.0138615,0.00432308,0.0134615,0.0131755,0.00260328
662,0.012,0.012069,0.0124889,0.0131333,0.00466154,0.0138248,0.0128337,0.00264046
663,0.0122,0.012069,0.0120444,0.0133897,0.00561538,0.0130128,0.0128074,0.00269615
664,0.0126,0.0122069,0.0121333,0.0126615,0.00515385,0.0121795,0.0130703,0.00274373
665,0.0128,0.0116552,0.0120222,0.0125333,0.0038,0.0119658,0.0130966,0.00278234
666,0.013,0.012,0.0122222,0.0126769,0.00413846,0.0136325,0.0125575,0.00279972
667,0.0128,0.0115172,0.0121556,0.0125128,0.00481538,0.0126496,0.0126233,0.00283447
668,0.0128,0.0117241,0.0144667,0.0122103,0.00395385,0.012094,0.0120973,0.00286197
669,0.0126,0.0115172,0.0168222,0.0140051,0.00312308,0.0133547,0.0133596,0.00286695
670,0.013,0.012,0.0148444,0.0150821,0.00387692,0.0144658,0.0147009,0.00287066
671,0.0134,0.0121379,0.0178889,0.0152564,0.00424615,0.015641,0.0163971,0.00289544
672,0.0138,0.0122759,0.0147556,0.0149436,0.0038,0.0154274,0.0153452,0.00292806
673,0.0136,0.012,0.0138444,0.0156718,0.00404615,0.0149573,0.0154635,0.00294772
674,0.0136,0.0122069,0.0119111,0.0150872,0.00446154,0.0154701,0.0156739,0.00296752
675,0.0138,0.0121379,0.0142,0.0144154,0.0052,0.0140385,0.0145036,0.003001
676,0.0136,0.012069,0.0149556,0.0157077,0.00464615,0.015406,0.0158185,0.00304103
677,0.0136,0.0117931,0.0150889,0.0156667,0.00498462,0.015812,0.0162393,0.00308148
678,0.0136,0.0116552,0.0156667,0.0149897,0.0062,0.0155128,0.015687,0.00312564
679,0.0136,0.0113793,0.0148222,0.0175385,0.00596923,0.0166667,0.0167653,0.00317721
680,0.0136,0.0113793,0.0168222,0.0159077,0.00606154,0.0159615,0.0162919,0.00322991
681,0.0134,0.0113793,0.0175556,0.0155231,0.00664615,0.0151496,0.0156476,0.00329117
682,0.0136,0.0113793,0.0195556,0.0167897,0.00733846,0.0178419,0.0172913,0.00335114
683,0.0136,0.0115172,0.0162889,0.0175641,0.00838462,0.017906,0.0164103,0.00344558
684,0.0136,0.011931,0.0150222,0.0155744,0.00855385,0.0155983,0.0155293,0.00354915
685,0.0138,0.0124138,0.0187556,0.0176051,0.00863077,0.0175855,0.0166732,0.00364516
686,0.0138,0.0125517,0.0200444,0.0189179,0.00693846,0.0194658,0.0187771,0.00372593
687,0.0138,0.0128276,0.0214889,0.0197692,0.00712308,0.0191239,0.0208679,0.00379174
688,0.0136,0.0128276,0.0208889,0.0203949,0.00655385,0.0195085,0.0202761,0.00384729
689,0.0136,0.0126897,0.0198222,0.0190308,0.00649231,0.0176709,0.0188166,0.00389245
690,0.0136,0.0128966,0.0198222,0.0196308,0.00558462,0.0198504,0.019645,0.00394188
691,0.0134,0.0133103,0.0152,0.0198256,0.00544615,0.0201068,0.0200131,0.00397123
692,0.0136,0.0130345,0.0174444,0.0194256,0.00452308,0.0188462,0.0200526,0.00399858
693,0.0136,0.0130345,0.0186889,0.0188359,0.00536923,0.0199145,0.0189612,0.00400969
694,0.0138,0.0128966,0.0195111,0.0187179,0.00584615,0.0181197,0.0184221,0.00404744
695,0.014,0.0130345,0.0197556,0.0218513,0.00592308,0.0209829,0.019737,0.00408162
696,0.0142,0.0126897,0.0196889,0.0203179,0.00672308,0.0214103,0.0208416,0.00411866
697,0.0144,0.0128966,0.0203111,0.0202154,0.00706154,0.0215385,0.0199343,0.00417892
698,0.0144,0.0126207,0.0204444,0.0203487,0.00781538,0.0199145,0.0195135,0.00424601
699,0.0144,0.0125517,0.0191333,0.0191846,0.00743077,0.0196581,0.0199343,0.00430385
700,0.0144,0.0126207,0.0206889,0.0195538,0.00656923,0.0196154,0.0203024,0.00436838
701,0.014,0.0129655,0.0218,0.0199231,0.00590769,0.0200641,0.020355,0.00440085
702,0.014,0.0132414,0.0192,0.0217692,0.00563077,0.0228846,0.0218803,0.00442707
703,0.0138,0.0131724,0.0179778,0.0203744,0.00638462,0.0214316,0.0210782,0.00445057
704,0.0134,0.0131724,0.0160444,0.017959,0.00655385,0.0174573,0.017975,0.00448077
705,0.0132,0.0133793,0.0157556,0.0175846,0.007,0.0168803,0.0180408,0.00452251
706,0.0132,0.0131034,0.0133778,0.0160821,0.00838462,0.0163889,0.0158843,0.00459017
707,0.0134,0.0137931,0.0120667,0.0148923,0.00841538,0.0154487,0.0146746,0.0046584
708,0.0134,0.0144828,0.0153333,0.0142256,0.00652308,0.0151496,0.013478,0.00473974
709,0.0134,0.0143448,0.0137333,0.0137487,0.00572308,0.0130342,0.01286,0.00477464
710,0.0132,0.0142759,0.0111556,0.0122205,0.00693846,0.0125855,0.0117817,0.00480541
711,0.0126,0.0137931,0.0119778,0.0123128,0.00509231,0.0130556,0.0125312,0.00484387
712,0.0122,0.0137241,0.0114889,0.0113077,0.00446154,0.0116453,0.0114398,0.0048547
713,0.0122,0.0133103,0.0115111,0.0118,0.00413846,0.0126496,0.0121236,0.00485613
714,0.0118,0.0135862,0.0125556,0.0112615,0.00358462,0.0111325,0.0116502,0.00484274
715,0.0116,0.0138621,0.0106889,0.0113026,0.00344615,0.0121581,0.0119527,0.00481823
716,0.0116,0.0144828,0.0115333,0.0114974,0.00329231,0.0116667,0.0114924,0.00479088
717,0.012,0.0144138,0.0112222,0.0111795,0.00358462,0.0112179,0.01119,0.00475499
718,0.0122,0.0142759,0.0130889,0.0118,0.00301538,0.0123504,0.0127153,0.00473832
719,0.0124,0.0144138,0.0140444,0.0126718,0.00286154,0.0125641,0.013478,0.00471083
720,0.0124,0.0149655,0.0131111,0.0128051,0.00332308,0.0141453,0.0130572,0.00468091
721,0.0124,0.0154483,0.0130222,0.0135128,0.00446154,0.0124145,0.0128994,0.00467892
722,0.0128,0.0153103,0.013,0.0127487,0.00426154,0.012906,0.0117949,0.00467179
723,0.0126,0.0150345,0.0139111,0.0128359,0.00578462,0.012265,0.0121236,0.00467849
724,0.0126,0.0142759,0.0126667,0.0130872,0.005,0.0126282,0.0136621,0.00470954
725,0.0126,0.014,0.0122889,0.0121436,0.00426154,0.0119017,0.0122288,0.00470427
726,0.0122,0.0137931,0.0112444,0.0125846,0.00612308,0.0122436,0.0125181,0.00470328
727,0.0124,0.0137241,0.0116444,0.0109641,0.00521538,0.0116453,0.0106903,0.00471795
728,0.0122,0.013931,0.0122444,0.0124,0.0056,0.0125641,0.0114924,0.00473376
729,0.012,0.0136552,0.0131333,0.0125641,0.00513846,0.013312,0.0122682,0.00474587
730,0.0116,0.0131724,0.0128222,0.0150256,0.00443077,0.0150641,0.0149638,0.00475071
731,0.0116,0.0131724,0.0124,0.0133333,0.00569231,0.0137393,0.0138593,0.00475285
732,0.0114,0.0134483,0.0110889,0.0113692,0.00532308,0.0104915,0.0110454,0.00476966
733,0.0114,0.0135862,0.00913333,0.0106564,0.00575385,0.0106624,0.0103353,0.00477123
734,0.0114,0.0135862,0.00646667,0.00987692,0.00496923,0.010406,0.00930966,0.00478447
735,0.0112,0.0135172,0.00577778,0.00751795,0.0046,0.00805556,0.00761341,0.00478219
736,0.011,0.0133103,0.00635556,0.00582051,0.00426154,0.00594017,0.00547009,0.00478533
737,0.011,0.0132414,0.00502222,0.00577436,0.00393846,0.0058547,0.00540434,0.00477635
738,0.011,0.0131724,0.00391111,0.00458974,0.00369231,0.00448718,0.00507561,0.00475855
739,0.0108,0.0132414,0.00377778,0.00372308,0.00270769,0.00391026,0.00390533,0.00472778
740,0.0108,0.0131034,0.00273333,0.00390769,0.00196923,0.0041453,0.00389218,0.00468162
741,0.0106,0.0133793,0.00251111,0.00260513,0.00183077,0.00260684,0.00284024,0.0046359
742,0.0104,0.013931,0.00182222,0.00213846,0.00273846,0.00211538,0.00216963,0.00458547
743,0.0104,0.014,0.00208889,0.00179487,0.00287692,0.00205128,0.00223537,0.00454715
744,0.0106,0.014,0.00186667,0.00242051,0.00236923,0.00282051,0.00239316,0.00451595
745,0.0102,0.0142759,0.00215556,0.0018359,0.00261538,0.00188034,0.00189349,0.00448219
746,0.01,0.0147586,0.00293333,0.0028,0.00241538,0.00286325,0.00278764,0.00444074
747,0.0102,0.0144828,0.00344444,0.00309231,0.00204615,0.00367521,0.00333991,0.00440028
748,0.0108,0.0146897,0.00397778,0.00308205,0.00203077,0.00324786,0.00364234,0.00435242
749,0.011,0.0146207,0.003,0.00262051,0.00143077,0.0025641,0.00294543,0.00431054
750,0.0112,0.0148966,0.00326667,0.00289231,0.00106154,0.00282051,0.00294543,0.00425897
751,0.0112,0.0151724,0.00342222,0.0031641,0.000969231,0.00288462,0.00332676,0.00419872
752,0.0108,0.0151724,0.00415556,0.00395897,0.00143077,0.00405983,0.00374753,0.00413875
753,0.0108,0.0150345,0.00575556,0.00437949,0.00146154,0.00393162,0.0043261,0.00409302
754,0.0108,0.0147586,0.00562222,0.00455897,0.00186154,0.00536325,0.00491782,0.00404829
755,0.011,0.0151034,0.00746667,0.00510256,0.00138462,0.00517094,0.00512821,0.00400071
756,0.0112,0.0147586,0.00762222,0.00796923,0.00130769,0.00728632,0.00832347,0.00394915
757,0.0112,0.0148276,0.00724444,0.00755385,0.00143077,0.00779915,0.00731098,0.00390028
758,0.011,0.0146207,0.00826667,0.00730256,0.00173846,0.00764957,0.00732413,0.00386026
759,0.011,0.0152414,0.00893333,0.00962564,0.00175385,0.00963675,0.00945431,0.00381496
760,0.0112,0.0150345,0.0110444,0.00925128,0.00224615,0.00888889,0.00899408,0.00377892
761,0.0112,0.0148276,0.0107111,0.0106564,0.00232308,0.0104274,0.0108087,0.00374872
762,0.0112,0.0145517,0.00928889,0.0109231,0.00253846,0.0111325,0.0113083,0.00372806
763,0.0112,0.0144828,0.00986667,0.0100103,0.00252308,0.0107051,0.00974359,0.00371168
764,0.0112,0.0142069,0.00786667,0.00886667,0.00412308,0.00952991,0.0102564,0.00370271
765,0.0114,0.0144138,0.00888889,0.00814359,0.00326154,0.00777778,0.00817883,0.00370242
766,0.0114,0.0145517,0.0088,0.00850769,0.0044,0.00833333,0.00816568,0.00370855
767,0.0114,0.0144828,0.00904444,0.00914872,0.00403077,0.00905983,0.00913872,0.00372336
768,0.0116,0.0141379,0.00908889,0.00821538,0.00541538,0.00856838,0.00841552,0.00374145
769,0.0114,0.0143448,0.00777778,0.00863077,0.00570769,0.00895299,0.00877055,0.00377023
770,0.0118,0.0146207,0.00777778,0.0084,0.00513846,0.00850427,0.00887574,0.00379943
771,0.0118,0.0148966,0.00715556,0.00755897,0.00669231,0.00788462,0.0077449,0.00382949
772,0.0122,0.0148276,0.00682222,0.00743077,0.00747692,0.00782051,0.0069428,0.00388632
773,0.0122,0.0148276,0.00471111,0.00683077,0.00712308,0.00681624,0.00700855,0.00395285
774,0.0122,0.0147586,0.00573333,0.006,0.00796923,0.00568376,0.00629849,0.00401524
775,0.0118,0.0145517,0.00513333,0.00541538,0.0074,0.00512821,0.00590401,0.00408789
776,0.0116,0.0148276,0.00384444,0.00479487,0.00724615,0.005,0.00426036,0.00415712
777,0.0116,0.0148276,0.00346667,0.00423077,0.00663077,0.00448718,0.00390533,0.00420926
778,0.0116,0.0151034,0.00431111,0.00405128,0.00510769,0.00423077,0.00390533,0.00425128
779,0.0116,0.0150345,0.00386667,0.00430769,0.00555385,0.0042094,0.00408941,0.00427094
780,0.0114,0.0146897,0.00333333,0.00392308,0.00575385,0.00367521,0.00382643,0.00429886
781,0.0114,0.0148966,0.00393333,0.00418974,0.006,0.00410256,0.00395792,0.00432137
782,0.0112,0.0146897,0.00262222,0.0035641,0.00649231,0.00386752,0.00361604,0.00435499
783,0.011,0.0147586,0.00253333,0.00344103,0.00669231,0.00352564,0.0034977,0.00439359
784,0.011,0.0146897,0.00242222,0.00304103,0.00692308,0.00305556,0.00305062,0.0044386
785,0.0112,0.0146897,0.001,0.0020359,0.00564615,0.00188034,0.00230112,0.0044745
786,0.0108,0.0146207,0.00122222,0.00124103,0.00433846,0.00132479,0.00124918,0.00448604
787,0.0108,0.0148966,0.00131111,0.00146154,0.0046,0.00153846,0.00135437,0.00448348
788,0.0108,0.0147586,0.00266667,0.00222564,0.00398462,0.0024359,0.00235371,0.00448177
789,0.0112,0.0145517,0.00364444,0.00264615,0.00403077,0.00267094,0.00234057,0.00447578
790,0.0112,0.0144138,0.002,0.00278462,0.00406154,0.00290598,0.0025641,0.00446467
791,0.0112,0.0146207,0.00188889,0.00152308,0.00358462,0.00153846,0.00157791,0.0044604
792,0.0114,0.014,0.0022,0.00153846,0.003,0.00166667,0.00153846,0.00443376
793,0.0114,0.0144138,0.00126667,0.00199487,0.00313846,0.00196581,0.00190664,0.00440855
794,0.011,0.0148276,0.00133333,0.00178974,0.00292308,0.00153846,0.00174885,0.00438063
795,0.0112,0.0146897,0.00144444,0.00175897,0.00309231,0.00196581,0.00214333,0.00434943
796,0.0106,0.0148966,0.00171111,0.00152308,0.00283077,0.0016453,0.00147272,0.00433006
797,0.0106,0.0144828,0.00235556,0.00229744,0.0026,0.00194444,0.00188034,0.00430741
798,0.0106,0.0143448,0.00371111,0.00211795,0.00241538,0.00209402,0.00213018,0.00427635
799,0.0106,0.0145517,0.00408889,0.00305128,0.00215385,0.00318376,0.00332676,0.0042443
800,0.0106,0.0141379,0.00406667,0.00368718,0.00276923,0.0033547,0.00393162,0.00421282
